id,value
smc,
smc.analytics
smc.analytics.cluster,
smc.analytics.cluster.Rina-3938
smc.analytics.cluster.CommunityStructure,3812
smc.analytics.cluster.HierarchicalCluster,6714
smc.analytics.cluster.MergeEdge,743
smc.analytics.graph,
smc.analytics.graph.BetweennessCentrality,3534
smc.analytics.graph.LinkDistance,5731
smc.analytics.graph.MaxFlowMinCut,7840
smc.analytics.graph.ShortestPaths,5914
smc.analytics.graph.SpanningTree,3416
smc.analytics.optimization,
smc.analytics.optimization.AspectRatioBanker,7074
smc.animate,
smc.animate.Easing,17010
smc.animate.FunctionSequence,5842
smc.animate.interpolate,
smc.animate.interpolate.ArrayInterpolator,1983
smc.animate.interpolate.ColorInterpolator,2047
smc.animate.interpolate.DateInterpolator,1375
smc.animate.interpolate.Interpolator,8746
smc.animate.interpolate.MatrixInterpolator,2202
smc.animate.interpolate.NumberInterpolator,1382
smc.animate.interpolate.ObjectInterpolator,1629
smc.animate.interpolate.PointInterpolator,1675
smc.animate.interpolate.RectangleInterpolator,2042
smc.animate.ISchedulable,1041
smc.animate.Parallel,5176
smc.animate.Pause,449
smc.animate.Scheduler,5593
smc.animate.Sequence,5534
smc.animate.Transition,9201
smc.animate.Transitioner,19975
smc.animate.TransitionEvent,1116
smc.animate.Tween,6006
smc.data,
smc.data.converters,
smc.data.converters.Converters,721
smc.data.converters.DelimitedTextConverter,4294
smc.data.converters.GraphMLConverter,9800
smc.data.converters.IDataConverter,1314
smc.data.converters.JSONConverter,2220
smc.data.DataField,1759
smc.data.DataSchema,2165
smc.data.DataSet,586
smc.data.DataSource,3331
smc.data.DataTable,772
smc.data.DataUtil,3322
smc.display,
smc.display.DirtySprite,8833
smc.display.LineSprite,1732
smc.display.RectSprite,3623
smc.display.TextSprite,10066
smc.flex,
smc.flex.smcVis,4116
smc.physics,
smc.physics.DragForce,1082
smc.physics.GravityForce,1336
smc.physics.IForce,319
smc.physics.NBodyForce,10498
smc.physics.Particle,2822
smc.physics.Simulation,9983
smc.physics.Spring,2213
smc.physics.SpringForce,1681
smc.query,
smc.query.AggregateExpression,1616
smc.query.And,1027
smc.query.Arithmetic,3891
smc.query.Average,891
smc.query.BinaryExpression,2893
smc.query.Comparison,5103
smc.query.CompositeExpression,3677
smc.query.Count,781
smc.query.DateUtil,4141
smc.query.Distinct,933
smc.query.Expression,5130
smc.query.ExpressionIterator,3617
smc.query.Fn,3240
smc.query.If,2732
smc.query.IsA,2039
smc.query.Literal,1214
smc.query.Match,3748
smc.query.Maximum,843
smc.query.methods,
smc.query.methods.add,593
smc.query.methods.and,330
smc.query.methods.average,287
smc.query.methods.count,277
smc.query.methods.distinct,292
smc.query.methods.div,595
smc.query.methods.eq,594
smc.query.methods.fn,460
smc.query.methods.gt,603
smc.query.methods.gte,625
smc.query.methods.iff,748
smc.query.methods.isa,461
smc.query.methods.lt,597
smc.query.methods.lte,619
smc.query.methods.max,283
smc.query.methods.min,283
smc.query.methods.mod,591
smc.query.methods.mul,603
smc.query.methods.neq,599
smc.query.methods.not,386
smc.query.methods.or,323
smc.query.methods.orderby,307
smc.query.methods.range,772
smc.query.methods.select,296
smc.query.methods.stddev,363
smc.query.methods.sub,600
smc.query.methods.sum,280
smc.query.methods.update,307
smc.query.methods.variance,335
smc.query.methods.where,299
smc.query.methods.xor,354
smc.query.methods._,264
smc.query.Minimum,843
smc.query.Not,1554
smc.query.Or,970
smc.query.Query,13896
smc.query.Range,1594
smc.query.StringUtil,4130
smc.query.Sum,791
smc.query.Variable,1124
smc.query.Variance,1876
smc.query.Xor,1101
smc.scale,
smc.scale.IScaleMap,2105
smc.scale.LinearScale,1316
smc.scale.LogScale,3151
smc.scale.OrdinalScale,3770
smc.scale.QuantileScale,2435
smc.scale.QuantitativeScale,4839
smc.scale.RootScale,1756
smc.scale.Scale,4268
smc.scale.ScaleType,1821
smc.scale.TimeScale,5833
smc.util,
smc.util.Arrays,8258
smc.util.Colors,10001
smc.util.Dates,8217
smc.util.Displays,12555
smc.util.Filter,2324
smc.util.Geometry,10993
smc.util.heap,
smc.util.heap.FibonacciHeap,9354
smc.util.heap.HeapNode,1233
smc.util.IEvaluable,335
smc.util.IPredicate,383
smc.util.IValueProxy,874
smc.util.math,
smc.util.math.DenseMatrix,3165
smc.util.math.IMatrix,2815
smc.util.math.SparseMatrix,3366
smc.util.Maths,17705
smc.util.Orientation,1486
smc.util.palette,
smc.util.palette.ColorPalette,6367
smc.util.palette.Palette,1229
smc.util.palette.ShapePalette,2059
smc.util.palette.SizePalette,2291
smc.util.Property,5559
smc.util.Shapes,19118
smc.util.Sort,6887
smc.util.Stats,6557
smc.util.Strings,22026
smc.vis,
smc.vis.axis,
smc.vis.axis.Axes,1302
smc.vis.axis.Axis,24593
smc.vis.axis.AxisGridLine,652
smc.vis.axis.AxisLabel,636
smc.vis.axis.CartesianAxes,6703
smc.vis.controls,
smc.vis.controls.AnchorControl,2138
smc.vis.controls.ClickControl,3824
smc.vis.controls.Control,1353
smc.vis.controls.ControlList,4665
smc.vis.controls.DragControl,2649
smc.vis.controls.ExpandControl,2832
smc.vis.controls.HoverControl,4896
smc.vis.controls.IControl,763
smc.vis.controls.PanZoomControl,5222
smc.vis.controls.SelectionControl,7862
smc.vis.controls.TooltipControl,8435
smc.vis.data,
smc.vis.data.Data,20544
smc.vis.data.DataList,19788
smc.vis.data.DataSprite,10349
smc.vis.data.EdgeSprite,3301
smc.vis.data.NodeSprite,19382
smc.vis.data.render,
smc.vis.data.render.ArrowType,698
smc.vis.data.render.EdgeRenderer,5569
smc.vis.data.render.IRenderer,353
smc.vis.data.render.ShapeRenderer,2247
smc.vis.data.ScaleBinding,11275
smc.vis.data.Tree,7147
smc.vis.data.TreeBuilder,9930
smc.vis.events,
smc.vis.events.DataEvent,2313
smc.vis.events.SelectionEvent,1880
smc.vis.events.TooltipEvent,1701
smc.vis.events.VisualizationEvent,1117
smc.vis.legend,
smc.vis.legend.Legend,20859
smc.vis.legend.LegendItem,4614
smc.vis.legend.LegendRange,10530
smc.vis.operator,
smc.vis.operator.distortion,
smc.vis.operator.distortion.BifocalDistortion,4461
smc.vis.operator.distortion.Distortion,6314
smc.vis.operator.distortion.FisheyeDistortion,3444
smc.vis.operator.encoder,
smc.vis.operator.encoder.ColorEncoder,3179
smc.vis.operator.encoder.Encoder,4060
smc.vis.operator.encoder.PropertyEncoder,4138
smc.vis.operator.encoder.ShapeEncoder,1690
smc.vis.operator.encoder.SizeEncoder,1830
smc.vis.operator.filter,
smc.vis.operator.filter.FisheyeTreeFilter,5219
smc.vis.operator.filter.GraphDistanceFilter,3165
smc.vis.operator.filter.VisibilityFilter,3509
smc.vis.operator.IOperator,1286
smc.vis.operator.label,
smc.vis.operator.label.Labeler,9956
smc.vis.operator.label.RadialLabeler,3899
smc.vis.operator.label.StackedAreaLabeler,3202
smc.vis.operator.layout,
smc.vis.operator.layout.AxisLayout,6725
smc.vis.operator.layout.BundledEdgeRouter,3727
smc.vis.operator.layout.CircleLayout,9317
smc.vis.operator.layout.CirclePackingLayout,12003
smc.vis.operator.layout.DendrogramLayout,4853
smc.vis.operator.layout.ForceDirectedLayout,8411
smc.vis.operator.layout.IcicleTreeLayout,4864
smc.vis.operator.layout.IndentedTreeLayout,3174
smc.vis.operator.layout.Layout,7881
smc.vis.operator.layout.NodeLinkTreeLayout,12870
smc.vis.operator.layout.PieLayout,2728
smc.vis.operator.layout.RadialTreeLayout,12348
smc.vis.operator.layout.RandomLayout,870
smc.vis.operator.layout.StackedAreaLayout,9121
smc.vis.operator.layout.TreeMapLayout,9191
smc.vis.operator.Operator,2490
smc.vis.operator.OperatorList,5248
smc.vis.operator.OperatorSequence,4190
smc.vis.operator.OperatorSwitch,2581
smc.vis.operator.SortOperator,2023
smc.vis.Visualization,16540